Name;Type;Faction;Number;Cost;Wincon;Health;Suspicion;Mystery;Stability;Tool Activation;Stamina;Basic Text
"Hudson, The Prey Stalker";"Hero - Hunter";"H";"47/288";"";"Claim 5 Monsters";"";"";"";"";"";"";"-"
"Hazel, The Meatgrinder";"Hero - Hunter";"H";"46/288";"";"Claim 6 Monsters";"";"";"";"";"";"";"Retainers you control enter with 1 stamina, but reduce 2 more health"
"Harlem, the Trophy Hunter";"Hero - Hunter";"H";"45/288";"";"Claim 3 Monsters, each with a different category.";"";"";"";"";"";"";"At the start of the adventure phase, one monster of your choice with no categories of monsters in your victory pool loses 1 health."
"Talia, Ace Trainer";"Hero - Tamer";"T";"51/288";"";"Claim 3 monsters, each with a different category.";"";"";"";"";"";"";"-"
"Tobias, Calamity Controller";"Hero - Tamer";"T";"53/288";"";"Claim 1 ancient monster";"";"";"";"";"";"";"For each monster in your Victory Pool, Tools you activate cost 1 less track."
"Tharan, Herding Druid";"Hero - Tamer";"T";"52/288";"";"Claim 3 monsters that share a category.";"";"";"";"";"";"";"Once per round, when a retainer is assigned to a monster that shares a category with one of your claimed monsters, you may assign that retainer to a different monster instead."
"Rowen, Specimen Collector";"Hero - Researcher";"R";"50/288";"";"Claim 3 monsters that share a category.";"";"";"";"";"";"";"-"
"Rose, Ruin Researcher";"Hero - Researcher";"R";"49/288";"";"Claim 1 ancient monster";"";"";"";"";"";"";"Whenever you claim a monster, draw a card."
"Rafael, Ghostwriter";"Hero - Researcher";"R";"48/288";"";"Claim 3 monsters, each with a different category.";"";"";"";"";"";"";"Whenever an opponent gains tracks, except during the tracking step, you gain the same amount of tracks. This effect only triggers once per effect each round."
"Calvin, Rising Chaos";"Hero - Cultist";"C";"42/288";"";"Have claimed at least 2 more monsters than any other player.";"";"";"";"";"";"";"-"
"Camila, Resourceful Leader";"Hero - Cultist";"C";"43/288";"";"Claim 6 monsters";"";"";"";"";"";"";"Whenever a retainer is discarded from anywhere add one track"
"Charlie, One with Destruction";"Hero - Cultist";"C";"44/288";"";"Claim 1 ancient monster";"";"";"";"";"";"";"For each monster in your victory pool, retainers enter with 1 more stamina."
"Allessio, Wandering Bard";"Hero - None";"";"41/288";"";"Claim 7 monsters";"";"";"";"";"";"";"When you choose this hero, choose 1 main faction for it. Additionally choose a second faction. You can use cards of both chosen factions in your expedition deck."
"???";"Monster - Ancient";"";"1/288";"";"";"11";"11";"11";"11";"";"";"When this monster enters the wild, for each expedition card in the wilds, a random player takes it over."
"Anklebiter";"Monster - Plant";"";"2/288";"";"";"4";"6";"4";"6";"";"";"Retainers being assigned to this monster immediately exhaust 1 but do not exhaust in the resolution of the adventure phase."
"Antree";"Monster - Arcane Plant Beast";"";"3/288";"";"";"3";"3";"3";"3";"";"";"Retainers assigned to this monster do not exhaust in the resolution of the adventure phase."
"Briar Rose";"Monster - Plant";"";"4/288";"";"";"5";"5";"5";"5";"";"";"When claiming this monster, target retainer gains one stamina"
"Centispore";"Monster - Plant Spore";"";"5/288";"";"";"6";"5";"5";"4";"";"";"When this monster enters the wilds, each other plant monster in the wilds gains 1 health and loses 1 stability"
"Cockatrice";"Monster - Mineral Beast";"";"6/288";"";"";"4";"5";"4";"5";"";"";"Whenever a retainer is assigned to this monster, that retainer can not be assigned to any monster next round."
"Crystalhorn";"Monster - Arcane Mineral Beast";"";"7/288";"";"";"5";"8";"6";"8";"";"";"When claiming this monster, decrease the suspicion of each other monster by 2."
"Cutting Cloud";"Monster - Arcane Mineral";"";"8/288";"";"";"5";"5";"6";"4";"";"";"When claiming this monster exhaust one retainer."
"Emerald Croaker";"Monster - Beast Mineral";"";"9/288";"";"";"5";"5";"5";"5";"";"";"When claiming this monster, draw a card."
"Emperor of Ash";"Monster - Ancient Arcane Beast";"";"10/288";"";"";"12";"10";"10";"10";"";"";"While this monster is in the wilds, all tools are canceled."
"Fiddlecap ";"Monster - Arcane Spore";"";"11/288";"";"";"4";"4";"4";"4";"";"";"While this monster is in the wilds, whenever a player assigns a retainer to a different monster, flip a coin, if tails, the retainer is not assigned and can't be assigned this round."
"Flamenester";"Monster - Beast Arcane";"";"12/288";"";"";"7";"7";"7";"7";"";"";"When claiming this monster, return up to one retainer from your discard pile to your hand."
"Floc";"Monster - Beast";"";"13/288";"";"";"6";"5";"7";"6";"";"";"This monster's stats can not be reduced by more than 1 at a time."
"Freemason";"Monster - Mineral";"";"14/288";"";"";"5";"5";"7";"4";"";"";"When claiming this monster, decrease the mystery of each other monster by 2."
"Georelle Mushroom";"Monster - Mineral Spore";"";"15/288";"";"";"4";"5";"6";"4";"";"";"When claiming this monster by health or stability, draw a card."
"Geysier";"Monster - Arcane";"";"16/288";"";"";"3";"3";"3";"3";"";"";"Whenever a stat on this monster is reduced, reduce the same stat of all other monsters in the wild by 1."
"Gjeperkre";"Monster - Beast";"";"17/288";"";"";"3";"3";"3";"3";"";"";"When this monster enters the wilds, increase all stats on all other monsters in the wilds by 1."
"Helping Shelf";"Monster - Spore";"";"18/288";"";"";"5";"4";"4";"6";"";"";"When claiming this monster by suspicion or mystery, draw a card."
"Hydranita";"Monster - Ancient Spore";"";"19/288";"";"";"8";"8";"10";"8";"";"";"At the end of each adventure phase, increase this monster stats by 2 each."
"Mastchief";"Monster - Beast Arcane";"";"20/288";"";"";"5";"5";"6";"4";"";"";"When a retainer is assigned to this monster, flip a coin, on tails, the retainers controller has to choose a different monster to assign that retainer to."
"Metalformer";"Monster - Arcane Mineral";"";"21/288";"";"";"4";"4";"4";"4";"";"";"When this monster enters the wilds, for each of its stats, where another monster in the wilds has that stat higher than this monster, increase this monsters stat by 2."
"Mirrormaker";"Monster - Mineral Beast";"";"22/288";"";"";"4";"4";"4";"4";"";"";"This monster has all effects of all other non-ancient monsters in the wilds."
"Misfortune";"Monster - Beast";"";"23/288";"";"";"4";"4";"5";"8";"";"";"When claiming this monster, decrease the stability of each other monster by 2."
"Mountainlice";"Monster - Beast";"";"24/288";"";"";"6";"6";"6";"6";"";"";"When claiming this monster, you may increase the stamina of a retainer by 1."
"Muscletoe";"Monster - Plant";"";"25/288";"";"";"5";"5";"4";"6";"";"";"When this monster enters the wilds, all other monsters in the wilds lose 1 health and gain 1 stability."
"Olead Tree";"Monster - Mineral Plant";"";"26/288";"";"";"6";"4";"4";"6";"";"";"When claiming this monster, decrease the health of each other monster by 2."
"Orchid Stinger";"Monster - Beast Plant";"";"27/288";"";"";"5";"7";"5";"5";"";"";"While this monster is in the wilds, whenever a monster has health reduced, increase this monsters health by 1."
"Pumbelball Mushroom";"Monster - Spore";"";"28/288";"";"";"4";"5";"5";"6";"";"";"When claiming this monster, exhaust target retainer."
"River Troll";"Monster - Mineral";"";"29/288";"";"";"5";"6";"6";"8";"";"";"At the start of the adventure phase, switch this monster's health and stability."
"Ruby Corgiceps";"Monster - Beast Mineral Spore";"";"30/288";"";"";"5";"6";"5";"4";"";"";"When claiming this monster, increase one non 0 stat on a different monster."
"Sailors Grave";"Monster - Ancient Plant";"";"31/288";"";"";"10";"12";"10";"10";"";"";"When this monster enters the wilds, exhaust all retainers in the wilds."
"Saltcoil";"Monster - Mineral";"";"32/288";"";"";"5";"4";"5";"6";"";"";"When claiming this monster, discard target biome."
"Silkstone Tunneler";"Monster - Mineral Beast";"";"33/288";"";"";"5";"5";"6";"5";"";"";"This monster's stats can not be reduced by more than 2 at a time."
"Slagmaw";"Monster - Ancient Mineral";"";"34/288";"";"";"10";"10";"10";"12";"";"";"While this monster is in the wilds, all biomes are canceled."
"Sparker";"Monster - Arcane";"";"35/288";"";"";"4";"6";"5";"5";"";"";"When this monster enters the wilds, until the end of the next round, if a retainer would be assigned, prevent that."
"Symbolwing";"Monster - Arcane Beast";"";"36/288";"";"";"4";"5";"6";"5";"";"";"While this monster is in the wilds, event cards cost 1 track more."
"Syren Kelp";"Monster - Arcane Plant";"";"37/288";"";"";"4";"6";"6";"4";"";"";"While this monster is in the wilds, whenever a player assigns a retainer to a different monster, flip a coin, if tails, the retainer is assigned to this monster instead."
"Thumper";"Monster - Mineral";"";"38/288";"";"";"6";"6";"6";"6";"";"";"When claiming this monster, discard target retainer."
"Trifodocus";"Monster - Beast Plant";"";"39/288";"";"";"7";"5";"4";"5";"";"";"While this monster is in the wilds, retainers being assigned to other monsters lose 1 extra stamina."
"Wallscuttler";"Monster - Plant Beast";"";"40/288";"";"";"5";"4";"5";"6";"";"";"When claiming this monster, you may place one tool card from your hand face down in the wilds."
"Bear Trap";"Disposable Tool";"H";"62/288";"0";"";"";"";"";"";"In the main phase";"";"Target monster gets -2 health."
"Careless Researcher";"Retainer";"R";"81/288";"2";"";"-1";"0";"-1";"0";"";"3";"When this retainer is discarded, draw a card."
"Clever Management";"Event";"R";"88/288";"2";"";"";"";"";"";"";"";"Discard a card.
Add 3 tracks."
"Conservation Notice";"Event";"T";"91/288";"2";"";"";"";"";"";"";"";"No retainer can be assigned to target monster this round."
"Crazy Clown";"Retainer";"HTRC";"103/288";"3";"";"0";"0";"0";"0";"";"4";"When this retainer is assigned, one of its modifiers is increased by 1 and one is lowered by 1 randomly."
"Disassembly Kit";"Disposable Tool";"T";"113/288";"2";"";"";"";"";"";"When another player uses a tool";"";"Cancel that tool, then discard that tool."
"Energetic Hunt";"Event";"H";"120/288";"1";"";"";"";"";"";"";"";"Target retainer does not lose stamina this round."
"Fake Trap";"Disposable Tool";"HTRC";"127/288";"1";"";"";"";"";"";"-";"";"Gain 2 tracks."
"Fun-Fighter";"Retainer";"HTRC";"149/288";"3";"";"0";"0";"0";"0";"";"3";"Retainers can't be assigned to monsters this retainer is assigned to."
"Gathering Spy";"Retainer";"HTRC";"151/288";"3";"";"0";"0";"0";"0";"";"3";"When this retainer enters the wilds, choose one stat modifier. It becomes -1. Then choose an opponent, that opponent takes over this retainer.Whenever this retainer is assigned, its owner may draw a card"
"Helpful Spy";"Retainer";"HTRC";"159/288";"2";"";"0";"0";"0";"0";"";"3";"When this retainer enters the wilds, choose two stat modifiers. They become -1. Then choose an opponent, that opponent takes over this retainer."
"Hobby Monster Watcher";"Retainer";"HTRC";"160/288";"1";"";"0";"0";"0";"0";"";"3";"-"
"Hunting Grounds";"Biome";"H";"164/288";"3";"";"";"";"";"";"";"";"Retainers you control have an additional -1 health."
"Indecisive Master";"Retainer";"HTRC";"167/288";"4";"";"-2";"-2";"-2";"-2";"";"4";"-"
"Migration Pattern Analyser";"Tool";"R";"185/288";"2";"";"";"";"";"";"At the beginning of the discovery phase";"";"Look at the top 3 monsters of the monster deck and put them back in any order.Then reset this tool."
"Misty Ritual Grounds";"Biome";"C";"190/288";"4";"";"";"";"";"";"";"";"Whenever a monster's stats other than stability are reduced for the first time each round, its stability is also reduced by 1."
"Monster Park";"Biome";"T";"193/288";"4";"";"";"";"";"";"";"";"The suspicion of monsters in the wilds is warded."
"Monster Scarecrow";"Disposable Tool";"HTRC";"194/288";"2";"";"";"";"";"";"When a retainer is assigned";"";"Unassign that retainer."
"Novice Hunter";"Retainer";"H";"199/288";"1";"";"-2";"0";"-1";"-1";"";"2";"-"
"Null-Field";"Biome";"HTRC";"200/288";"4";"";"";"";"";"";"";"";"While this biome is in the wilds, cancel all other biomes in the wilds."
"Quick Interference";"Event";"HTRC";"211/288";"2";"";"";"";"";"";"";"";"Increase one of the stats of a monster by 1."
"Recycling";"Event";"HTRC";"218/288";"2";"";"";"";"";"";"";"";"Take a tool card from your discard pile back into your hand."
"Reorganizing";"Event";"HTRC";"219/288";"1";"";"";"";"";"";"";"";"Discard a card, then draw a card."
"Replicated Biotope";"Biome";"R";"220/288";"5";"";"";"";"";"";"";"";"After the adventure phase each monster loses 1 mystery."
"Restricted Zone";"Biome";"HTRC";"226/288";"5";"";"";"";"";"";"";"";"Whenever a stat of a monster is reduced, it is reduced by 1 less."
"Rowdy Manipulator";"Retainer";"C";"234/288";"1";"";"+1";"+1";"+1";"0";"";"3";"-"
"Sacrificial Dagger";"Disposable Tool";"C";"236/288";"1";"";"";"";"";"";"During the adventure phase";"";"Exhaust target retainer."
"Scorched Earth";"Event";"HTRC";"242/288";"3";"";"";"";"";"";"";"";"Discard target biome."
"Steady Work";"Event";"HTRC";"255/288";"2";"";"";"";"";"";"";"";"Reduce one of the stats of a monster by 1."
"Tracking Spy";"Retainer";"HTRC";"267/288";"3";"";"0";"0";"0";"0";"";"3";"When this retainer enters the wilds, choose one stat modifier. It becomes -1. Then choose an opponent, that opponent takes over this retainer.Whenever this retainer is assigned, its owner gains 2 tracks."
"Unfinished Job";"Event";"C";"277/288";"3";"";"";"";"";"";"";"";"Return target retainer from any discard pile to the wilds under your control with 1 stamina."
"Unsure Civilian";"Retainer";"HTRC";"279/288";"2";"";"-1";"-1";"-1";"-1";"";"3";"-"
"Young Tamer";"Retainer";"T";"288/288";"2";"";"0";"-1";"-1";"0";"";"3";"-"
"Hunt Instructor";"Retainer";"H";"162/288";"3";"";"-1";"0";"0";"0";"";"3";"Other retainers under your control, that are assigned to the same monster have an additional -1 health."
"Eager Slayer";"Retainer";"H";"117/288";"2";"";"-2";"0";"0";"-1";"";"2";"-"
"Careful Hunter";"Retainer";"H";"79/288";"2";"";"-1";"0";"0";"0";"";"5";"-"
"Uncooperative Striker";"Retainer";"H";"274/288";"2";"";"-2";"0";"0";"0";"";"4";"Other retainers assigned to the same monster as this card, lose 1 extra stamina at the end of the adventure phase."
"Careless Hunter";"Retainer";"H";"80/288";"1";"";"-2";"0";"0";"0";"";"2";"-"
"Kid Hunter";"Retainer";"H";"170/288";"1";"";"-1";"0";"0";"0";"";"2";"-"
"Hot-Head";"Retainer";"H";"161/288";"1";"";"-1";"0";"-1";"0";"";"3";"You have to assign this retainer, if able."
"Flag Bearer";"Retainer";"H";"138/288";"1";"";"0";"0";"0";"0";"";"1";"If all of this retainers modifiers are 0, they can't exhaust."
"One-Hit Wonder";"Retainer";"H";"201/288";"4";"";"-5";"0";"0";"0";"";"1";"At the end of the adventure phase, discard this card."
"Chaos Sower";"Retainer";"C";"86/288";"2";"";"0";"0";"0";"-1";"";"3";"-"
"Rage Inducer";"Retainer";"C";"213/288";"2";"";"0";"+1";"0";"-1";"";"3";"-"
"Mutation Specialist";"Retainer";"C";"198/288";"2";"";"0";"0";"+1";"-1";"";"3";"-"
"Growth Manipulator";"Retainer";"C";"157/288";"2";"";"+1";"0";"0";"-1";"";"3";"-"
"Backstabber";"Retainer";"C";"60/288";"3";"";"0";"0";"0";"-1";"";"3";"Other retainers, you don't control, assigned to the same monster as this card, lose 1 extra stamina at the end of the adventure phase"
"Untrustworthy Guide";"Retainer";"C";"280/288";"4";"";"0";"0";"0";"-2";"";"3";"When you assign this retainer to a monster, you may assign one retainer assigned to that monster to another monster."
"Scheeming Helper";"Retainer";"C";"241/288";"2";"";"0";"0";"-1";"-1";"";"4";"When you discard this retainer from the wilds, add one event card from your discard pile to your hand."
"Friendly Researcher";"Retainer";"R";"148/288";"2";"";"0";"-1";"-1";"0";"";"3";"-"
"Tracking Biologist";"Retainer";"R";"265/288";"3";"";"0";"0";"-1";"0";"";"3";"When this retainer enters, you gain 1 track. "
"Sample Collector";"Retainer";"R";"237/288";"5";"";"0";"0";"-1";"-1";"";"3";"Whenever this retainer reduces a monster's mystery, draw a card."
"Quick Researcher";"Retainer";"R";"212/288";"1";"";"0";"0";"-1";"0";"";"2";"-"
"Preservering Wanderer";"Retainer";"R";"208/288";"5";"";"0";"0";"-1";"0";"";"8";"-"
"Peer Reviewer";"Retainer";"R";"204/288";"4";"";"0";"0";"0";"0";"";"4";"Other retainers assigned to the same monster as this retainer do not exhaust at the end of the adventure phase."
"Support Researcher";"Retainer";"R";"258/288";"4";"";"0";"-1";"-1";"0";"";"4";"When this retainer exhausts, you may have target retainer gain 1 stamina."
"Go-Tamer";"Retainer";"T";"154/288";"1";"";"0";"-1";"0";"0";"";"2";"-"
"Rare Species Collector";"Retainer";"HT";"214/288";"3";"";"-2";"-2";"0";"0";"";"3";"-"
"Gatekeeper";"Retainer";"T";"150/288";"2";"";"0";"-2";"0";"0";"";"3";"While this retainer is assigned to a monster, when a retainer is assigned to that monster, if another retainer controlled by that retainer's controller is already assigned to it, prevent that assignment."
"Manipulation Referee";"Retainer";"T";"183/288";"2";"";"0";"-1";"-1";"0";"";"2";"While this retainer is assigned to a monster, that monster is warded."
"Energy Suppressor";"Retainer";"T";"121/288";"3";"";"0";"-2";"0";"-1";"";"3";"When this retainer is assigned to a monster, cancel that monster for the remainder of this round."
"Equal Chance Advocator";"Retainer";"T";"122/288";"4";"";"0";"-1";"0";"0";"";"4";"Retainers assigned to the same monster as this retainer, are canceled."
"Track Obscurer";"Retainer";"T";"264/288";"4";"";"0";"-1";"0";"0";"";"4";"Assigning retainers to the monster this retainer is assigned to costs 1 track."
"Fixated Tamer";"Retainer";"T";"137/288";"2";"";"0";"-2";"0";"0";"";"3";"When this retainer enters choose a monster in the wilds. This retainer can only be assigned to that monster. When the chosen monster leaves the wilds, discard this card."
"Last Stand";"Event";"H";"174/288";"2";"";"";"";"";"";"";"";"Discard a retainer you control, if you do target monster loses 4 health."
"Reckless Charge";"Event";"H";"216/288";"6";"";"";"";"";"";"";"";"Retainers you control modify the stats of monsters twice this round. At the end of the adventure phase, exhaust each retainer you control."
"Tranq. Ammunition";"Disposable Tool";"H";"269/288";"1";"";"";"";"";"";"When you could claim a monster";"";"You can claim a monster for health even if it still has 1 health left."
"Capture Sphere";"Disposable Tool";"HT";"78/288";"2";"";"";"";"";"";"When a monster's suspicion or health become 0";"";"Immediately claim that monster."
"Scare Tactics";"Event";"H";"240/288";"2";"";"";"";"";"";"";"";"Shuffle target monster that has entered the wilds last round back into the monster deck, than reveal a new monster from the monster deck and put it into the wilds."
"Let's fight together";"Event";"T";"176/288";"2";"";"";"";"";"";"";"";"Reduce the suspicion on target monster by the number of monsters in your victory pool."
"Accidental Misuse";"Event";"H";"54/288";"2";"";"";"";"";"";"";"";"Discard target tool."
"Feast Hall";"Biome";"H";"130/288";"4";"";"";"";"";"";"";"";"Whenever you claim a monster, each retainer you control gains 1 stamina."
"Sneak Attack";"Event";"H";"249/288";"3";"";"";"";"";"";"";"";"Whenever you assign a retainer to a monster this round, that monster loses 1 health."
"Extended Hunting Season";"Event";"H";"124/288";"5";"";"";"";"";"";"";"";"After the adventure phase this round, there is another adventure phase."
"Recall Beacon";"Tool";"H";"215/288";"3";"";"";"";"";"";"During the adventure phase";"";"Unassign one retainer you control."
"Recruitment Event";"Event";"H";"217/288";"2";"";"";"";"";"";"";"";"Retainers you play this round cost 1 track less up to a minimum of 1"
"Preplanned Surprise";"Disposable Tool";"HR";"207/288";"0";"";"";"";"";"";"-";"";"You may immediately play an event card from your hand by paying its track costs."
"Armor of Protection";"Disposable Tool";"H";"58/288";"2";"";"";"";"";"";"When a card you control is targeted by an opponents effect.";"";"Cards you control are unaffected by this effect this round."
"Hunt Medic";"Retainer";"H";"163/288";"1";"";"0";"0";"0";"0";"";"3";"When another retainer you control, that is assigned to the same monster as this retainer, would be discarded, return it to its owner's hand instead."
"DNA Extraction";"Event";"RC";"116/288";"3";"";"";"";"";"";"";"";"Target retainer gains all effects of another target retainer for this round."
"Isolated Food Chain";"Biome";"RC";"169/288";"4";"";"";"";"";"";"";"";"Whenever you claim a monster, you gain 1 extra track at the end of the next tracking phase."
"Bounty Flyer";"Disposable Tool";"H";"72/288";"2";"";"";"";"";"";"At the end of the discovery phase";"";"Until the end of the next round, retainers you control, assigned to target monster that entered the wilds this round, have an extra -1 health."
"Meat Feast";"Event";"H";"184/288";"1";"";"";"";"";"";"";"";"Target retainer gains 1 stamina."
"Fake Mating Call";"Event";"HR";"126/288";"2";"";"";"";"";"";"";"";"Reveal a new monster from the monster deck and put it into the wilds."
"First Blood";"Event";"H";"136/288";"3";"";"";"";"";"";"";"";"This card costs 2 less if no victory pool contains a monster.

Target monster loses 3 health."
"Final Push";"Event";"H";"135/288";"1";"";"";"";"";"";"";"";"Target monster with 2 or less health loses 2 health."
"Trap Tutorial Guide";"Tool";"H";"270/288";"2";"";"";"";"";"";"When a tool is placed in the wilds";"";"The placed tool can be used this round.Then reset this tool."
"Life Dissection";"Event";"HRC";"178/288";"3";"";"";"";"";"";"";"";"Cancel target monster.

Draw a card."
"Grim Cataloguer";"Retainer";"HRC";"156/288";"2";"";"-1";"0";"-1";"-1";"";"4";"Whenever this retainer exhausts,
choose one:
* Draw a card.
* Target monster loses 1 stability."
"Trophy Case";"Tool";"HR";"271/288";"2";"";"";"";"";"";"When you claim a monster";"";"Look at the top of the monster deck.You may place the top card on the bottom of the monster deck."
"Field Journaling";"Event";"RHT";"133/288";"2";"";"";"";"";"";"";"";"Draw a card.

Reduce a stat of target monster by 1."
"Quarantine Ward";"Biome";"TRC";"210/288";"4";"";"";"";"";"";"";"";"Whenever one or more of a monster's stats would be increased by a card, that cards controller draws a card instead."
"Containment Protocol";"Event";"TRC";"92/288";"3";"";"";"";"";"";"";"";"Cancel target monster.

Draw a card."
"Broken Promise";"Retainer";"CHT";"73/288";"3";"";"-1";"-1";"0";"0";"";"3";"When you discard this retainer, target opponent discards a card."
"Life Bait Container";"Tool";"CHT";"177/288";"3";"";"";"";"";"";"When a retainer you control is exhausted without being discarded";"";"discard that retainer, if you do, reduce target monster's stats by 1."
"Forbidden Preserve";"Biome";"HRC";"140/288";"4";"";"";"";"";"";"";"";"Whenever a monster leaves the wilds, reduce one stat of another monster by 1."
"Tracking Network";"Tool";"RHT";"266/288";"2";"";"";"";"";"";"When a monster enters the wilds";"";"look at the top of the monster deck.You may put that card on the bottom."
"Species Conservationist";"Retainer";"RHT";"251/288";"2";"";"-1";"-1";"-1";"0";"";"4";"When you assign this retainer to a monster, increase one of that monster's stats by 1."
"Behavioral Conditioner";"Retainer";"TRC";"63/288";"3";"";"0";"-2";"-2";"-1";"";"4";"When this retainer is unassigned from a monster, if that monster has 0 stability, draw a card."
"Blood Ritual";"Biome";"CHT";"69/288";"4";"";"";"";"";"";"";"";"At the end of the adventure phase for each monster that has a stat at 0, reduce one of its other stats."
"Frenzy Pheromones";"Event";"C";"147/288";"2";"";"";"";"";"";"";"";"Whenever a retainer is assigned to target monster this round, it exhausts."
"Spectral Scan Recording";"Disposable Tool";"R";"252/288";"7";"";"";"";"";"";"During the Main Phase";"";"Reduce target monster's mystery to 0."
"Containment Site";"Biome";"C";"93/288";"3";"";"";"";"";"";"";"";"For each monster, the first time this monster's health, suspicion, or mystery would be reduced this round, prevent that reduction and put a breach counter on this card instead. If this card has 6 or more breach counters, discard it and reveal a new monster from the monster deck."
"Dark Evolution";"Event";"TC";"109/288";"3";"";"";"";"";"";"";"";"Target monster loses 1 stability and gains 2 health and 2 mystery."
"Portable Passage";"Tool";"RT";"205/288";"2";"";"";"";"";"";"During the adventure phase.";"";"Assign an unassigned retainer you control to a monster."
"Cosmic Mutation";"Event";"C";"101/288";"2";"";"";"";"";"";"";"";"Target monster loses all categories until the end of the round."
"Cross Examination";"Event";"R";"105/288";"2";"";"";"";"";"";"";"";"Target monster loses 1 mystery for each of its categories."
"Wild Gambit";"Event";"TC";"286/288";"1";"";"";"";"";"";"";"";"Randomly choose one: 
* target monster's suspicion is warded until the end of this round.
* target monster loses 1 stability
* exhaust target retainer
* retainers you play this round enter with 1 extra stamina."
"Feral Gambit";"Event";"CH";"132/288";"1";"";"";"";"";"";"";"";"randomly choose one: 
* target monster loses 2 health
* target monster loses 1 stability
* discard target retainer with 1 stamina
* increase target retainer's stamina by 1."
"Comfort Campus";"Biome";"R";"89/288";"4";"";"";"";"";"";"";"";"During the adventure phase, when a retainer you own is reduced to 0 stamina, you may pay 1 track to return it into your hand."
"Change of Plans";"Event";"HR";"85/288";"2";"";"";"";"";"";"";"";"Discard your hand, draw that many cards plus 1."
"Rethinking the Strategy";"Event";"RT";"228/288";"3";"";"";"";"";"";"";"";"Shuffle your hand into your expedition deck and draw as many cards plus 1."
"Council Reconsideration";"Event";"T";"102/288";"4";"";"";"";"";"";"";"";"Each player shuffles their hand into their expedition deck, then draws 5."
"Research Funding";"Disposable Tool";"R";"222/288";"1";"";"";"";"";"";"During the End Phase";"";"You don't have to discard to hand-size this round."
"Tool Table";"Tool";"RT";"263/288";"1";"";"";"";"";"";"During the main phase";"";"The next tool you play costs 0 to place down"
"Impatient Construction";"Event";"T";"166/288";"2";"";"";"";"";"";"";"";"All tools in the wilds can be activated, as if placed last round."
"Lone Wolf Plains ";"Biome";"CH";"181/288";"3";"";"";"";"";"";"";"";"If you control exactly 1 retainer, double all modifiers of that retainer. If an effect of that retainer would trigger, it triggers an additional time."
"Culling the Weak";"Event";"C";"108/288";"2";"";"";"";"";"";"";"";"Each player discards 2 cards.Then they draw one. You draw a card."
"Sanguine Biologist";"Retainer";"HR";"239/288";"3";"";"-2";"0";"-2";"0";"";"3";"-"
"Knowledgeable Poacher";"Retainer";"HR";"171/288";"4";"";"-1";"0";"-1";"0";"";"3";"When this retainer is assigned to a monster, choose one: 
* this retainer gets -1 mystery until end of round, draw a card
* this retainer gets -1 health until end of round, discard target tool."
"Living Conditions Analyst";"Retainer";"RT";"180/288";"3";"";"0";"-1";"-1";"0";"";"3";"If you control a biome this retainer has your choice of -1 suspicion or -1 mystery."
"Sedative Toxicologist";"Retainer";"RT";"245/288";"4";"";"-1";"-2";"-2";"-1";"";"5";"-"
"Crazy Marauder";"Retainer";"TC";"104/288";"3";"";"1";"-1";"1";"-1";"";"4";"-"
"Bonded Corruptor";"Retainer";"TC";"70/288";"2";"";"-1";"0";"0";"0";"";"3";"When this retainer enters, choose a monster in the wilds. Whenever this retainer is assigned, the chosen monster loses 1 suspicion and 1 stability. When the chosen monster leaves the wilds, discard this card."
"Flesh Collector";"Retainer";"CH";"139/288";"2";"";"-1";"0";"0";"-1";"";"3";"-"
"Monster Devourer";"Retainer";"CH";"192/288";"2";"";"-1";"0";"0";"-1";"";"1";"Whenever you claim a monster, you may return this card from your discard pile to your hand."
"Undead Ranks Rising";"Event";"C";"275/288";"6";"";"";"";"";"";"";"";"Return all retainers from your discard pile to the wilds with 1 stamina each.Discard all of them in the next end phase."
"Resourceful Management ";"Event";"RT";"224/288";"2";"";"";"";"";"";"";"";"The next time you would discard a tool this round, prevent that discard."
"Denial of the Wilds";"Event";"T";"112/288";"6";"";"";"";"";"";"";"";"Your opponents can't claim monsters this round."
"Comparative Study";"Event";"R";"90/288";"5";"";"";"";"";"";"";"";"Target monster loses 2 mystery for each category it shares with another monster in the wilds."
"Twisted Growth";"Event";"C";"273/288";"2";"";"";"";"";"";"";"";"Target monster gains a category of your choice."
"Genotype Forbiddance";"Event";"RT";"152/288";"2";"";"";"";"";"";"";"";"Choose a monster category. Retainers can't be assigned to monsters of the chosen category this round."
"Catch and Release Procedure";"Disposable Tool";"R";"83/288";"3";"";"";"";"";"";"When a monster is claimed";"";"Look at the top of the monster deck, if it is not an ancient, you may add it to your victory pool.If you do, put a card from your victory pool into the wilds."
"Hyperfocused Friend";"Retainer";"RT";"165/288";"2";"";"0";"-1";"-1";"0";"";"3";"When this retainer is assigned to a beast monster, double its modifiers."
"Spellslayer";"Retainer";"HR";"253/288";"2";"";"-1";"0";"-1";"0";"";"2";"This retainer does not exhaust from being assigned to an arcane monster."
"Resource Displacement";"Event";"R";"223/288";"2";"";"";"";"";"";"";"";"At the start of the next main phase you gain 2 tracks."
"Denial Decree";"Disposable Tool";"T";"111/288";"2";"";"";"";"";"";"When a player plays a card";"";"Prevent that card."
"Decay Extraction";"Event";"C";"110/288";"3";"";"";"";"";"";"";"";"Target retainer gets -1 stability until the end of the round for each retainer in your discard pile. "
"Mistake Observer";"Retainer";"CH";"189/288";"2";"";"-1";"0";"0";"-1";"";"2";"Whenever you discard a retainer from the wilds, this retainer gains 1 stamina."
"Surviving Friend";"Retainer";"TC";"260/288";"4";"";"0";"0";"0";"0";"";"3";"This retainer has -1 suspicion and -1 stability for each retainer in your discard pile."
"Ecological Niche";"Biome";"R";"118/288";"4";"";"";"";"";"";"";"";"When you play this card, choose a monster category.Retainers you control get -1 mystery while assigned to a monster of the chosen category."
"Extended Preparation";"Event";"R";"125/288";"4";"";"";"";"";"";"";"";"After this main phase there is another tracking phase followed by a new main phase.
You gain 2 additional tracks in the next tracking phase."
"Multitrack Analyzer";"Tool";"R";"196/288";"2";"";"";"";"";"";"During the tracking phase";"";"Gain 1 track"
"Exploration Tax";"Tool";"T";"123/288";"2";"";"";"";"";"";"During the main phase";"";"When a player plays a card, prevent that card unless its player pays 1 track.Use this only once per main phase."
"Steroid Syringe";"Disposable Tool";"C";"256/288";"3";"";"";"";"";"";"In the adventure phase";"";"Target monster gains 1 health, 1 suspicion and 1 mystery"
"Last Minute Support";"Disposable Tool";"T";"172/288";"2";"";"";"";"";"";"When a monster gets claimed";"";"Prevent that claim."
"Behavioral Study";"Tool";"R";"64/288";"3";"";"";"";"";"";"When a retainer is taken over";"";"Gain 2 tracks"
"Forced Seize";"Event";"T";"144/288";"4";"";"";"";"";"";"";"";"Take over target tool"
"Whispering Corruptor";"Retainer";"TC";"284/288";"5";"";"0";"-1";"0";"-1";"";"3";"When this retainer is assigned to a monster, take over target retainer assigned to the same monster until the end of the next round."
"Staged Coup";"Disposable Tool";"C";"254/288";"3";"";"";"";"";"";"When an opponent plays an event card";"";"Take over that event."
"Space Distortion";"Event";"C";"250/288";"5";"";"";"";"";"";"";"";"Choose 2 different players that control a biome.If you did, they take over each other's biomes."
"Research Base Construction";"Event";"R";"221/288";"5";"";"";"";"";"";"";"";"If you control a biome, discard a biome.Take over target biome."
"Inventory Count";"Event";"T";"168/288";"3";"";"";"";"";"";"";"";"Each player takes over all cards in the wilds, that they own."
"Forced Persuasion";"Event";"CH";"143/288";"3";"";"";"";"";"";"";"";"Take over target retainer until the end of the round."
"Twin Campus Arrangement";"Disposable Tool";"R";"272/288";"4";"";"";"";"";"";"When you would discard a biome";"";"Prevent that discard."
"Restraining Order";"Event";"T";"225/288";"2";"";"";"";"";"";"";"";"Ward target monster's suspicion this round."
"Sanctuary Zone";"Biome";"T";"238/288";"4";"";"";"";"";"";"";"";"Monsters that have no retainers assigned to them are warded."
"Peer Reviewed";"Disposable Tool";"R";"203/288";"2";"";"";"";"";"";"When a monster's mystery reaches 2 or less.";"";"That monster's mystery is warded."
"Studious Baitmaker";"Retainer";"HR";"257/288";"3";"";"0";"0";"-1";"0";"";"4";"Monsters this retainer is assigned to are warded."
"Corruption Enhancer";"Disposable Tool";"C";"100/288";"4";"";"";"";"";"";"When one of the stats of a monster with 3 or more categories reaches 0";"";"You may claim that monster this round independent of its stats."
"Purge the Ranks";"Event";"CH";"209/288";"4";"";"";"";"";"";"";"";"Each retainer exhausts."
"Tamers Embassy";"Biome";"T";"262/288";"4";"";"";"";"";"";"";"";"Retainers you control can't be exhausted by effects your opponents control."
"Self-firing System";"Tool";"T";"246/288";"1";"";"";"";"";"";"When a tool becomes the target of an effect";"";"Prevent that effect.Then reset this tool."
"Sure-fire Wayfinder";"Retainer";"RT";"259/288";"3";"";"0";"0";"0";"0";"";"4";"Retainers you control can't be prevented from being assigned to a monster this retainer is assigned to.
Retainers can't be unassigned or reassigned while assigned to the same monster as this retainer."
"Sedative Gas ";"Event";"T";"244/288";"4";"";"";"";"";"";"";"";"Cancel all monsters in the wilds."
"Base Repurposement";"Event";"R";"61/288";"4";"";"";"";"";"";"";"";"Put a biome from your discard pile back into the wilds."
"Mist of Stupor";"Event";"C";"188/288";"3";"";"";"";"";"";"";"";"Cancel all retainers until the end of the round."
"Coordinated Attack";"Event";"C";"95/288";"4";"";"";"";"";"";"";"";"Each retainer you don't control exhausts."
"Field Research";"Event";"R";"134/288";"2";"";"";"";"";"";"";"";"Draw a card. You gain 1 track for each biome you control in the wilds and each biome in your discard pile."
"Cooperation Survey Ground";"Biome";"R";"94/288";"3";"";"";"";"";"";"";"";"Whenever a retainer you control is assigned to a monster another one of your retainers is assigned to, draw a card."
"Cross Field Student";"Retainer";"R";"106/288";"3";"";"0";"0";"-1";"0";"";"4";"When a stat of a monster this retainer is assigned to is reduced to 0, you gain 1 track at the end of the next tracking phase."
"Gold Star Reward";"Disposable Tool";"T";"155/288";"2";"";"";"";"";"";"When a retainer is assigned";"";"that retainer can't exhaust until the end of the round."
"Forced Wilds Rescue";"Event";"T";"146/288";"3";"";"";"";"";"";"";"";"Return target retainer from the wilds to its owner's hand."
"Corrupt the Trail";"Event";"C";"97/288";"4";"";"";"";"";"";"";"";"Until end of round, whenever a monster's Health, Suspicion or Mystery is reduced by an effect, the effect's controller loses 1 track."
"Whispering Madness";"Event";"C";"285/288";"3";"";"";"";"";"";"";"";"Until end of round, invert all modifiers of target retainer."
"Biome Specialist";"Retainer";"R";"67/288";"4";"";"0";"0";"-1";"0";"";"4";"While you control a biome, this retainer can't exhaust.
This retainer gets -1 Mystery for each biome you control."
"Coordinated Relocation";"Disposable Tool";"T";"96/288";"3";"";"";"";"";"";"During the adventure phase";"";"Choose two retainers assigned to different monsters.
Exchange which monsters they're assigned to."
"Camp Cook";"Retainer";"RT";"77/288";"3";"";"0";"0";"0";"0";"";"4";"When this retainer becomes unassigned, another target retainer gains 1 stamina."
"Monster Zealot";"Retainer";"C";"195/288";"4";"";"0";"0";"0";"-1";"";"5";"Whenever this retainer exhausts, target monster loses 1 stability."
"Mirror of Returning";"Disposable Tool";"T";"186/288";"3";"";"";"";"";"";"During the adventure phase";"";"Return target retainer you control to its owner's hand."
"Efficiency Duplicator";"Tool";"T";"119/288";"5";"";"";"";"";"";"When a tool you control is activated";"";"You may resolve that tool's effect an additional time.Then reset this tool."
"Claim Dispute";"Disposable Tool";"T";"87/288";"2";"";"";"";"";"";"When a monster becomes claimable by 2 or more players";"";"The monster can't be claimed this round."
"Use of Failure";"Event";"C";"281/288";"2";"";"";"";"";"";"";"";"Discard a retainer you control.
If you do, reduce target monster's stability by 2 and increase one of its stats by 1."
"Ritual Preparations";"Tool";"C";"230/288";"2";"";"";"";"";"";"When a monster's stats are increased";"";"Double that increase, then reset this tool."
"Boneyard";"Biome";"C";"71/288";"4";"";"";"";"";"";"";"";"Whenever a monster is claimed, target monster loses stability equal to the number of retainers in your discard pile."
"Autopsy Report";"Tool";"HR";"59/288";"3";"";"";"";"";"";"When you claim a monster";"";"target monster loses 1 health and 1 mystery."
"Serrated Blade";"Disposable Tool";"CH";"247/288";"1";"";"";"";"";"";"When a retainer you control, reduces a monster's stability or health";"";"Ward all stats of that monster, that the retainer reduced until the end of the next round. Then increase all other stats by 1."
"Forced Deployment";"Tool";"HR";"141/288";"2";"";"";"";"";"";"During the adventure phase";"";"Put a Retainer from your hand into the wilds, discard that retainer during the next end phase. Reset this tool."
"Scrapyard Plundering";"Event";"TC";"243/288";"2";"";"";"";"";"";"";"";"You may play disposable tool cards from your discard pile this round."
"Reverse Retirement";"Event";"CH";"229/288";"2";"";"";"";"";"";"";"";"You may play target retainer from your discard pile this round."
"Weak Point Analysis";"Event";"HR";"282/288";"1";"";"";"";"";"";"";"";"Reduce target monster's health by 1 and mystery by 1."
"Bigger Fish Hypothesis";"Tool";"HR";"66/288";"1";"";"";"";"";"";"When you assign a retainer to a monster";"";"You may look at the top card of the monster deck."
"Disposable Slayer";"Retainer";"CH";"114/288";"2";"";"-1";"0";"0";"-1";"";"2";"When this retainer is discarded, reduce one of target monster's stats by 1."
"Brutal Preparation";"Event";"CH";"74/288";"4";"";"";"";"";"";"";"";"Exhaust target retainer you control.Double its modifiers until end of round."
"Training Schedule";"Disposable Tool";"RT";"268/288";"2";"";"";"";"";"";"When a retainer would exhaust";"";"Prevent that exhaustion.That retainer gains 1 stamina."
"Handler's Betrayal";"Disposable Tool";"TC";"158/288";"2";"";"";"";"";"";"When a retainer is assigned";"";"Take over that retainer until end of round."
"Cross-Species Study";"Tool";"RT";"107/288";"3";"";"";"";"";"";"Whenever you assign a retainer to a monster that shares a category with another monster you have a retainer assigned to";"";"Draw a card."
"Calculated Strike";"Event";"HR";"76/288";"1";"";"";"";"";"";"";"";"Target retainer you control gets -1 health until end of round.
 If that retainer reduces a monster's health this round, draw a card."
"Weakness Archive";"Biome";"HR";"283/288";"4";"";"";"";"";"";"";"";"Whenever a monster loses a stat, put a counter on this card.Then if there are 3 or more counters on this card, you may remove 3 and reduce any stat of target monster by 1."
"Retainer Ranking System";"Tool";"HR";"227/288";"1";"";"";"";"";"";"When a monster enters the wilds";"";"You may look at the top card of your Expedition deck. You may put it on the bottom. Reset this tool."
"Last Specimen";"Retainer";"CH";"173/288";"3";"";"-1";"0";"0";"-1";"";"2";"When this retainer is discarded, you may return another retainer from your discard pile to your hand."
"Leaving a Blood Trail";"Event";"CH";"175/288";"1";"";"";"";"";"";"";"";"Discard a retainer. If you did, target monster loses 2 health and 2 stability."
"Adaptive Strategy";"Disposable Tool";"RT";"55/288";"2";"";"";"";"";"";"-";"";"Choose one:
 * Return a retainer you control to your hand.
 * Move an assigned retainer you control to another monster.
 * Target retainer you control gains 1 stamina."
"Unending Fighter";"Retainer";"CH";"276/288";"";"";"-1";"0";"0";"-1";"";"1";"This retainer cannot be exhausted in the adventure phase."
"Precision Equipment";"Tool";"HR";"206/288";"2";"";"";"";"";"";"When a retainer you control is assigned";"";"You may switch two of its modifiers. Reset this tool."
"Shared Observation";"Disposable Tool";"RT";"248/288";"1";"";"";"";"";"";"-";"";"Draw a card for each different monster you have retainers assigned to."
"False Loyalty";"Event";"TC";"128/288";"2";"";"";"";"";"";"";"";"Target retainer controlled by another player loses 1 stamina.
 If it is discarded this round, you may return it to the wilds under your control with 1 stamina."
"Disposable Training";"Event";"TC";"115/288";"1";"";"";"";"";"";"";"";"Exhaust a target retainer you control.
 If you did, another retainer you control gains +2 stamina."
"Anatomical Weakness Chart";"Tool";"HR";"56/288";"3";"";"";"";"";"";"When a Beast or Plant Monster enters the wilds";"";"Choose one:
* Reduce that monster's health by 2.
* Reduce that monster's mystery by 2."
"Magical Autopsy Team";"Retainer";"HR";"182/288";"3";"";"-1";"0";"-1";"0";"";"4";"When you claim an arcane monster, draw 1 card."
"Limb Classification";"Event";"HR";"179/288";"2";"";"";"";"";"";"";"";"Choose a monster category.
All monsters of that category lose 2 health and 2 mystery."
"Apex Nest";"Biome";"CH";"57/288";"5";"";"";"";"";"";"";"";"Beast monsters enter the wilds with 2 less health and 2 less stability."
"Wildlife Observationist";"Retainer";"RT";"287/288";"3";"";"0";"-2";"-1";"+1";"";"4";"When this retainer is assigned to a Plant, or Beast Monster, draw a card."
"Corrupted Companion";"Retainer";"TC";"99/288";"3";"";"0";"-2";"0";"-2";"";"4";"If assigned to a non-Beast monster, this retainer gains +1 to all modifiers."
"Root Network";"Tool";"RT";"233/288";"2";"";"";"";"";"";"When a Plant or Spore Monster enters the wilds";"";"That monster loses 2 mystery and 2 suspicion.Reset this tool."
"Buying First";"Event";"TC";"75/288";"5";"";"";"";"";"";"";"";"You are the first player next round."
"Rival's Ledger";"Disposable Tool";"CH";"232/288";"1";"";"";"";"";"";"At the start of the main phase";"";"The first player of this round reveals their hand to you."
"Blood Debt";"Event";"TC";"68/288";"2";"";"";"";"";"";"";"";"You may play target tool or retainer card from an opponents discard pile this round.If you do, they draw a card."
"Rival Observation";"Tool";"RT";"231/288";"4";"";"";"";"";"";"During the draw phase";"";"if you are not the first player, draw an extra card."
"Chain of Custody";"Disposable Tool";"HR";"84/288";"1";"";"";"";"";"";"In the Main pahse while you are the first player this round";"";"Look at the top 2 cards of your Expedition deck. Draw one, discard the other."
"Monoculture Experimentation Plant";"Biome";"RT";"191/288";"4";"";"";"";"";"";"";"";"As this biome enters the wilds, choose a monster category.
All monsters of that category are warded."
"Gentle Relocation";"Disposable Tool";"RT";"153/288";"4";"";"";"";"";"";"During the adventure phase";"";"Choose two different monsters. Exchange all retainers assigned to them."
"Mutagenic Habitat";"Biome";"TC";"197/288";"3";"";"";"";"";"";"";"";"Whenever the categories of a monster change, you gain 1 track."
"Tainted Companion";"Retainer";"TC";"261/288";"3";"";"0";"-1";"0";"-1";"";"4";"Monsters this retainer is assigned to and their stats can't be warded."
"Feeding Frenzy";"Event";"CH";"131/288";"3";"";"";"";"";"";"";"";"Exhaust any number of retainers you control.
Target monster loses 1 Health or 1 Stability for each retainer exhausted this way."
"Ruthless Survivor";"Retainer";"CH";"235/288";"3";"";"-1";"0";"0";"-1";"";"3";"When another retainer you control is discarded, this retainer gains 1 stamina."
"Forced to Dig";"Event";"CH";"145/288";"2";"";"";"";"";"";"";"";"Choose 2 retainers you control, exhaust them.If you did draw 2 cards."
"Optimisation Specialist";"Retainer";"RT";"202/288";"3";"";"0";"-1";"-1";"0";"";"3";"When this retainer gets unassigned from a monster ward one of that monster's highest stats."
"Carrion Enjoyer";"Retainer";"CH";"82/288";"3";"";"-1";"0";"0";"-1";"";"2";"When this retainer enters the wilds, discard another retainer.This retainer gains stamina equal to the discarded retainer's stamina."
"Forced Evasion";"Event";"CH";"142/288";"4";"";"";"";"";"";"";"";"Put target monster with less than 3 health or less than 3 stability on the bottom of the monster deck."
"Unnatural Adaption";"Event";"TC";"278/288";"2";"";"";"";"";"";"";"";"Target monster gains a category of your choice until end of round."
"Corrupted Bureaucracy";"Tool";"TC";"98/288";"3";"";"";"";"";"";"When an opponent activates a tool";"";"They lose 1 track."
"False Regulations";"Event";"TC";"129/288";"3";"";"";"";"";"";"";"";"Choose Retainer, Event, Tool, or Biome. Cards of the chosen type can't be played this round."
"Beurocratic Sabotage";"Disposable Tool";"TC";"65/288";"1";"";"";"";"";"";"When an opponent plays an Event";"";"Its controller may discard a card. If they don't, cancel that event."
"Misinformation Campaign";"Event";"TC";"187/288";"4";"";"";"";"";"";"";"";"Players can't gain tracks or draw cards until the next round."
